file,ticker,period,period_end_date,currency,reporting_scale,unit,aset,total_aset_lancar,kas,liabilitas,utang_bank,ekuitas,laba_bersih,pendapatan,kas_dari_aktivitas_operasi,total_share,harga_saham,price_date,bvps,p1,roa,roe,pbv,pe,eps,der,status,fields_filled,abstained,issues,notes,price_note,ratios_blank
Q1_2022_CPIN.pdf,CPIN,Q1 2022,2022-03-31,IDR,MILLIONS,IDR full,36388076000000,16238682000000,2110845000000,10047117000000,4299315000000,26326553000000,1191265000000,14295430000000,1238530000000,16398000000.0,5025.0,2022-06-17,1605.47,6191565000000,0.0327378,0.0452496,3.12992,69.1701,72.647,0.381634,ok,10/10,,,,,
Q1_2023_CPIN.pdf,CPIN,Q1 2023,2023-03-31,IDR,MILLIONS,IDR full,41348448000000,19083485000000,1519261000000,14780597000000,7248987000000,26551465000000,240992000000,14564094000000,-503234000000,16398000000.0,5200.0,2023-06-16,1619.19,4302888000000,0.00582832,0.00907641,3.21148,353.828,14.6964,0.556677,ok,10/10,,,,market closed on 2023-06-17; used the previous session,
Q1_2024_CPIN.pdf,CPIN,Q1 2024,2024-03-31,IDR,MILLIONS,IDR full,43539708000000,21052006000000,1758081000000,15799984000000,8946010000000,27723535000000,711038000000,15912620000000,-1697247000000,16398000000.0,4900.0,2024-06-14,1690.67,5252022000000,0.0163308,0.0256475,2.89827,113.004,43.3613,0.569912,ok,10/10,,,,market closed on 2024-06-17; used the previous session,
Q1_2025_CPIN.pdf,CPIN,Q1 2025,2025-03-31,IDR,MILLIONS,IDR full,43765363000000,22408711000000,5773705000000,11938263000000,4400000000000,31810990000000,1537031000000,17704697000000,2598615000000,16398000000.0,4860.0,2025-06-17,1939.93,10470448000000,0.0351198,0.0483176,2.50524,51.8495,93.7328,0.375287,ok,10/10,,,,,
Q1_2026_CPIN.pdf,CPIN,Q1 2026,2026-03-31,IDR,MILLIONS,IDR full,48484558000000,27530222000000,7432291000000,11753661000000,3030000000000,36716366000000,2577936000000,19952120000000,3437602000000,16398000000.0,3350.0,2026-06-17,2239.08,15776561000000,0.0531702,0.0702122,1.49615,21.309,157.21,0.32012,ok,10/10,,,,,
Q2_2022_CPIN.pdf,CPIN,Q2 2022,2022-06-30,IDR,MILLIONS,IDR full,39091367000000,18680838000000,1742608000000,13298202000000,6713661000000,25777277000000,2416989000000,28637323000000,288688000000,16398000000.0,5700.0,2022-08-16,1571.98,5382636000000,0.0618292,0.0937643,3.62601,38.6715,147.395,0.515889,ok,10/10,,,,market closed on 2022-08-17; used the previous session,
Q2_2023_CPIN.pdf,CPIN,Q2 2023,2023-06-30,IDR,MILLIONS,IDR full,42905903000000,20696949000000,1601706000000,15190579000000,7744540000000,27699370000000,1378873000000,30891883000000,-695920000000,16398000000.0,5275.0,2023-08-16,1689.19,5506370000000,0.0321371,0.0497799,3.12279,62.732,84.0879,0.548409,ok,10/10,,,,market closed on 2023-08-17; used the previous session,
Q2_2024_CPIN.pdf,CPIN,Q2 2024,2024-06-30,IDR,MILLIONS,IDR full,42659855000000,20733857000000,2117225000000,14344296000000,7550000000000,28299245000000,1768080000000,32961973000000,656571000000,16398000000.0,5150.0,2024-08-16,1725.77,6389561000000,0.041446,0.062478,2.98417,47.7635,107.823,0.506879,ok,10/10,,,,market closed on 2024-08-17; used the previous session,
Q2_2025_CPIN.pdf,CPIN,Q2 2025,2025-06-30,IDR,MILLIONS,IDR full,43149273000000,21712537000000,3381678000000,12714801000000,4777353000000,30415323000000,1900390000000,33061683000000,2133968000000,16398000000.0,4440.0,2025-08-15,1854.82,8997736000000,0.0440422,0.0624813,2.39376,38.3117,115.892,0.418039,ok,10/10,,,,market closed on 2025-08-17; used the previous session,
Q2_2026_CPIN.pdf,CPIN,Q2 2026,2026-06-30,IDR,MILLIONS,IDR full,52380933000000,30932743000000,5368132000000,17469626000000,4832090000000,34897180000000,3708330000000,39418494000000,1726556000000,16398000000.0,3070.0,2026-08-14,2128.14,13463117000000,0.0707954,0.106264,1.44258,13.5753,226.145,0.500603,ok,10/10,,,,market closed on 2026-08-17; used the previous session,
Q3_2022_CPIN.pdf,CPIN,Q3 2022,2022-09-30,IDR,MILLIONS,IDR full,39592234000000,18738409000000,1580326000000,13031126000000,5697558000000,26544080000000,3185800000000,43438698000000,358432000000,16398000000.0,5750.0,2022-11-17,1618.74,5707283000000,0.0804653,0.120019,3.55215,29.5965,194.28,0.490924,ok,10/10,,,,,
Q3_2023_CPIN.pdf,CPIN,Q3 2023,2023-09-30,IDR,MILLIONS,IDR full,41939307000000,19670037000000,3246510000000,12922344000000,6900000000000,29001098000000,2675589000000,47128673000000,2498307000000,16398000000.0,5500.0,2023-11-17,1768.58,6747693000000,0.0637967,0.0922582,3.10985,33.7081,163.166,0.445581,ok,10/10,,,,,
Q3_2024_CPIN.pdf,CPIN,Q3 2024,2024-09-30,IDR,MILLIONS,IDR full,42924264000000,20815703000000,3300803000000,13985027000000,6575000000000,28923270000000,2386802000000,49718726000000,2068139000000,16398000000.0,4790.0,2024-11-15,1763.83,6830676000000,0.055605,0.0825219,2.71568,32.9086,145.554,0.483522,ok,10/10,,,,market closed on 2024-11-17; used the previous session,
Q3_2025_CPIN.pdf,CPIN,Q3 2025,2025-09-30,IDR,MILLIONS,IDR full,43716001000000,22325382000000,4186323000000,11811932000000,4250000000000,31885954000000,3365043000000,50604542000000,4015120000000,16398000000.0,4610.0,2025-11-17,1944.5,10513450000000,0.0769751,0.105534,2.37079,22.4647,205.211,0.370443,ok,10/10,,section_map_incomplete,,,
Q4_2022_CPIN.pdf,CPIN,Q4 2022,2022-12-31,IDR,MILLIONS,IDR full,39847545000000,18031436000000,2041946000000,13520331000000,6649216000000,26310473000000,2928342000000,56867544000000,1673887000000,16398000000.0,5000.0,2023-05-17,1604.49,4511105000000,0.0734886,0.111299,3.11625,27.9988,178.579,0.513876,ok,10/10,,,,,
Q4_2023_CPIN.pdf,CPIN,Q4 2023,2023-12-31,IDR,MILLIONS,IDR full,40970800000000,18324808000000,2328025000000,13942042000000,7392848000000,27012497000000,2318584000000,61615850000000,3146254000000,16398000000.0,5275.0,2024-05-17,1647.3,4382766000000,0.0565911,0.0858338,3.2022,37.307,141.394,0.516133,ok,10/10,,,,,
Q4_2024_CPIN.pdf,CPIN,Q4 2024,2024-12-31,IDR,MILLIONS,IDR full,42791000000000,21339691000000,4446488000000,12502078000000,5400000000000,30273959000000,3712926000000,67477992000000,4305814000000,16398000000.0,4930.0,2025-05-16,1846.2,8837613000000,0.0867689,0.122644,2.67035,21.7732,226.426,0.412965,ok,10/10,,,,market closed on 2025-05-17; used the previous session,
Q4_2025_CPIN.pdf,CPIN,Q4 2025,2025-12-31,IDR,MILLIONS,IDR full,45857963000000,24630760000000,4460703000000,11706869000000,3480000000000,34136370000000,5643863000000,70704988000000,5773901000000,16398000000.0,4160.0,2026-05-15,2081.74,12923891000000,0.123073,0.165333,1.99833,12.0867,344.18,0.342944,ok,10/10,,,,market closed on 2026-05-17; used the previous session,
